﻿<?xml version="1.0" encoding="utf-8" ?>
<selector xmlns:android="http://schemas.android.com/apk/res/android">
  <item android:state_pressed="true" >
    <shape>
      <solid
          android:color="#00FFCC" />

      <padding
          android:left="10dp"
          android:top="5dp"
          android:right="10dp"
          android:bottom="5dp" />
    </shape>
  </item>
  <item>
    <shape>
      <gradient
          android:startColor="#00CC99"
          android:endColor="#669966"
          android:angle="270" />

      <padding
          android:left="10dp"
          android:top="5dp"
          android:right="10dp"
          android:bottom="5dp" />
    </shape>
  </item>
</selector>